{
  "dpi": 200,
  "base_dpi": 72,
  "output_format": "png",
  "boxes": [
    {
      "page": 1,
      "x": 50,
      "y": 80,
      "width": 500,
      "height": 40,
      "label": "标题",
      "color": "red",
      "line_width": 3
    },
    {
      "page": 1,
      "x": 50,
      "y": 150,
      "width": 500,
      "height": 200,
      "label": "正文内容",
      "color": "#FF5733",
      "line_width": 2
    },
    {
      "page": 1,
      "x": 400,
      "y": 400,
      "width": 150,
      "height": 100,
      "label": "图表",
      "color": "blue",
      "line_width": 3
    },
    {
      "page": 2,
      "x": 100,
      "y": 100,
      "width": 400,
      "height": 300,
      "label": "第二页区域",
      "color": "green",
      "line_width": 4
    }
  ]
}
