{
  "total_tasks": 4,
  "config_file": "sample_config.json",
  "group1_dir": "group1_images/",
  "group2_dir": "group2_images/",
  "tasks": [
    {
      "task_id": "task_001",
      "page": 1,
      "region_id": "region_1",
      "label": "标题",
      "group1_image_path": "group1_images/test_document_page_001.png",
      "group2_image_path": "group2_images/comparison_document_page_001.png",
      "comparison_image_path": "comparison_output/comparison_p01_region_1.png",
      "coordinates": {
        "x": 50,
        "y": 80,
        "width": 500,
        "height": 40
      }
    },
    {
      "task_id": "task_002",
      "page": 1,
      "region_id": "region_2",
      "label": "正文内容",
      "group1_image_path": "group1_images/test_document_page_001.png",
      "group2_image_path": "group2_images/comparison_document_page_001.png",
      "comparison_image_path": "comparison_output/comparison_p01_region_2.png",
      "coordinates": {
        "x": 50,
        "y": 150,
        "width": 500,
        "height": 200
      }
    },
    {
      "task_id": "task_003",
      "page": 1,
      "region_id": "region_3",
      "label": "图表",
      "group1_image_path": "group1_images/test_document_page_001.png",
      "group2_image_path": "group2_images/comparison_document_page_001.png",
      "comparison_image_path": "comparison_output/comparison_p01_region_3.png",
      "coordinates": {
        "x": 400,
        "y": 400,
        "width": 150,
        "height": 100
      }
    },
    {
      "task_id": "task_004",
      "page": 2,
      "region_id": "region_4",
      "label": "第二页区域",
      "group1_image_path": "group1_images/test_document_page_002.png",
      "group2_image_path": "group2_images/comparison_document_page_002.png",
      "comparison_image_path": "comparison_output/comparison_p02_region_4.png",
      "coordinates": {
        "x": 100,
        "y": 100,
        "width": 400,
        "height": 300
      }
    }
  ]
}