{
  "description": "GeneXus + WorkWithPlus 生成Javaコード向け機能タイプ検出設定ファイル",
  
  "screen_patterns": {
    "_comment": "画面・UI関連のマッチングルール（GeneXus/WWP特有）",
    "class_name": [
      "(?i).*webpanel.*",
      "(?i).*wp$",
      "(?i).*wc$",
      "(?i).*wwp.*",
      "(?i).*wwpaux.*",
      "(?i).*trn$",
      "(?i).*trn_.*",
      "(?i).*transaction.*",
      "(?i).*prompt.*",
      "(?i).*popup.*",
      "(?i).*selection.*",
      "(?i).*selector.*",
      "(?i).*_services$",
      "(?i).*_service$",
      "(?i).*servlet.*",
      "(?i).*panel.*",
      "(?i).*screen.*",
      "(?i).*form.*",
      "(?i).*view.*",
      "(?i).*menu.*",
      "(?i).*masterpage.*",
      "(?i).*master_page.*",
      "(?i).*homepage.*",
      "(?i).*home.*",
      "(?i).*login.*",
      "(?i).*logout.*",
      "(?i).*grid.*",
      "(?i).*list.*",
      "(?i).*detail.*",
      "(?i).*edit.*",
      "(?i).*entry.*",
      "(?i).*input.*",
      "(?i).*_bc$",
      "(?i).*workwith.*",
      "(?i).*ww_.*"
    ],
    "package_name": [
      "(?i).*\\.web\\.?.*",
      "(?i).*\\.wwp\\.?.*",
      "(?i).*\\.workwithplus\\.?.*",
      "(?i).*\\.ui\\.?.*",
      "(?i).*\\.screen\\.?.*",
      "(?i).*\\.panel\\.?.*",
      "(?i).*\\.servlet\\.?.*",
      "(?i).*\\.webpanel\\.?.*",
      "(?i).*\\.transaction\\.?.*",
      "(?i).*\\.trn\\.?.*"
    ],
    "annotations": [],
    "file_patterns": [
      "(?i).*webpanel.*\\.java$",
      "(?i).*wp\\.java$",
      "(?i).*wc\\.java$",
      "(?i).*trn\\.java$",
      "(?i).*_services\\.java$"
    ]
  },
  
  "batch_patterns": {
    "_comment": "バッチ処理関連のマッチングルール（GeneXus特有）",
    "class_name": [
      "(?i).*proc$",
      "(?i).*proc_.*",
      "(?i).*procedure.*",
      "(?i).*dp$",
      "(?i).*dp_.*",
      "(?i).*dataprovider.*",
      "(?i).*data_provider.*",
      "(?i).*report.*",
      "(?i).*rpt.*",
      "(?i).*pdf.*",
      "(?i).*export.*",
      "(?i).*import.*",
      "(?i).*batch.*",
      "(?i).*job.*",
      "(?i).*task.*",
      "(?i).*scheduler.*",
      "(?i).*cron.*",
      "(?i).*timer.*",
      "(?i).*daemon.*",
      "(?i).*worker.*",
      "(?i).*processor.*",
      "(?i).*generator.*",
      "(?i).*loader.*",
      "(?i).*extractor.*",
      "(?i).*migrat.*",
      "(?i).*sync.*",
      "(?i).*transfer.*",
      "(?i).*calc.*",
      "(?i).*compute.*",
      "(?i).*aggregate.*",
      "(?i).*summary.*",
      "(?i).*consolidat.*",
      "(?i).*nightly.*",
      "(?i).*daily.*",
      "(?i).*weekly.*",
      "(?i).*monthly.*"
    ],
    "package_name": [
      "(?i).*\\.proc\\.?.*",
      "(?i).*\\.procedure\\.?.*",
      "(?i).*\\.batch\\.?.*",
      "(?i).*\\.job\\.?.*",
      "(?i).*\\.report\\.?.*",
      "(?i).*\\.dp\\.?.*",
      "(?i).*\\.dataprovider\\.?.*",
      "(?i).*\\.export\\.?.*",
      "(?i).*\\.import\\.?.*",
      "(?i).*\\.task\\.?.*",
      "(?i).*\\.scheduler\\.?.*"
    ],
    "annotations": [
      "Scheduled",
      "Async"
    ],
    "file_patterns": [
      "(?i).*proc\\.java$",
      "(?i).*dp\\.java$",
      "(?i).*report.*\\.java$"
    ]
  },
  
  "genexus_specific": {
    "_comment": "GeneXus固有の設定",
    "framework_packages": [
      "com.genexus",
      "com.artech",
      "genexus"
    ],
    "exclude_patterns": {
      "_comment": "分析から除外するGeneXusフレームワーククラス",
      "class_name": [
        "(?i)^gx.*",
        "(?i)^GX.*",
        "(?i).*_gxui.*",
        "(?i).*_gxcommon.*",
        "(?i).*gxwebsocket.*",
        "(?i)^type_.*",
        "(?i)^sdt.*",
        "(?i)^struct.*"
      ],
      "package_name": [
        "(?i)^com\\.genexus\\..*",
        "(?i)^com\\.artech\\..*"
      ]
    },
    "sdt_patterns": {
      "_comment": "SDT（Structured Data Type）はotherとして分類",
      "class_name": [
        "(?i)^sdt.*",
        "(?i).*_sdt$",
        "(?i)^type_.*"
      ]
    },
    "bc_patterns": {
      "_comment": "Business Component（トランザクションのビジネスロジック層）",
      "class_name": [
        "(?i).*_bc$",
        "(?i).*bc_.*"
      ]
    }
  },
  
  "domain_keywords": {
    "_comment": "業務ドメインキーワードマッピング（日本語システム向け）",
    "user": "ユーザー管理",
    "users": "ユーザー管理",
    "usr": "ユーザー管理",
    "account": "アカウント管理",
    "auth": "認証認可",
    "login": "ログイン",
    "logout": "ログアウト",
    "order": "受注管理",
    "orders": "受注管理",
    "ord": "受注管理",
    "purchase": "発注管理",
    "po": "発注管理",
    "product": "商品管理",
    "products": "商品管理",
    "prd": "商品管理",
    "item": "品目管理",
    "items": "品目管理",
    "itm": "品目管理",
    "inventory": "在庫管理",
    "inv": "在庫管理",
    "stock": "在庫管理",
    "stk": "在庫管理",
    "warehouse": "倉庫管理",
    "wh": "倉庫管理",
    "shipping": "出荷管理",
    "ship": "出荷管理",
    "delivery": "配送管理",
    "dlv": "配送管理",
    "receiving": "入荷管理",
    "rcv": "入荷管理",
    "payment": "支払管理",
    "pay": "支払管理",
    "invoice": "請求管理",
    "inv": "請求管理",
    "billing": "請求管理",
    "customer": "得意先管理",
    "cust": "得意先管理",
    "client": "顧客管理",
    "cli": "顧客管理",
    "supplier": "仕入先管理",
    "sup": "仕入先管理",
    "vendor": "仕入先管理",
    "vnd": "仕入先管理",
    "employee": "従業員管理",
    "emp": "従業員管理",
    "staff": "スタッフ管理",
    "department": "部門管理",
    "dept": "部門管理",
    "report": "帳票",
    "rpt": "帳票",
    "print": "印刷",
    "prt": "印刷",
    "config": "設定管理",
    "cfg": "設定管理",
    "setting": "設定管理",
    "set": "設定管理",
    "master": "マスタ管理",
    "mst": "マスタ管理",
    "maint": "メンテナンス",
    "maintenance": "メンテナンス",
    "admin": "管理者機能",
    "adm": "管理者機能",
    "system": "システム管理",
    "sys": "システム管理",
    "log": "ログ管理",
    "history": "履歴管理",
    "hist": "履歴管理",
    "audit": "監査",
    "notification": "通知管理",
    "notif": "通知管理",
    "message": "メッセージ管理",
    "msg": "メッセージ管理",
    "mail": "メール管理",
    "email": "メール管理",
    "file": "ファイル管理",
    "doc": "文書管理",
    "document": "文書管理",
    "export": "エクスポート",
    "exp": "エクスポート",
    "import": "インポート",
    "imp": "インポート",
    "batch": "バッチ処理",
    "job": "ジョブ管理",
    "task": "タスク管理",
    "schedule": "スケジュール管理",
    "sch": "スケジュール管理",
    "calendar": "カレンダー管理",
    "cal": "カレンダー管理",
    "api": "API連携",
    "interface": "インターフェース",
    "if": "インターフェース",
    "common": "共通機能",
    "cmn": "共通機能",
    "util": "ユーティリティ",
    "utl": "ユーティリティ",
    "work": "作業",
    "wrk": "作業",
    "temp": "一時処理",
    "tmp": "一時処理",
    "search": "検索",
    "srch": "検索",
    "inquiry": "照会",
    "inq": "照会",
    "entry": "登録",
    "ent": "登録",
    "regist": "登録",
    "reg": "登録",
    "update": "更新",
    "upd": "更新",
    "delete": "削除",
    "del": "削除",
    "approve": "承認",
    "apr": "承認",
    "confirm": "確認",
    "cfm": "確認",
    "cancel": "取消",
    "cnl": "取消",
    "close": "締め",
    "cls": "締め",
    "sales": "売上管理",
    "sls": "売上管理",
    "cost": "原価管理",
    "cst": "原価管理",
    "price": "価格管理",
    "prc": "価格管理",
    "discount": "値引管理",
    "dsc": "値引管理",
    "tax": "税金管理",
    "accounting": "経理",
    "acc": "経理",
    "finance": "財務",
    "fin": "財務",
    "budget": "予算管理",
    "bdg": "予算管理",
    "actual": "実績管理",
    "act": "実績管理",
    "plan": "計画管理",
    "pln": "計画管理",
    "forecast": "予測",
    "fcst": "予測",
    "analysis": "分析",
    "anl": "分析",
    "dashboard": "ダッシュボード",
    "home": "ホーム",
    "menu": "メニュー",
    "portal": "ポータル"
  },
  
  "priority": {
    "_comment": "screenとbatchが同時にマッチした場合の優先度ルール",
    "prefer_batch_on_proc_suffix": true,
    "prefer_screen_on_wp_suffix": true,
    "prefer_batch_on_dp_suffix": true
  },
  
  "grouping": {
    "_comment": "機能グループ化のルール",
    "group_by_prefix": true,
    "prefix_separator": "_",
    "min_prefix_length": 2,
    "exclude_common_prefixes": ["gx", "wwp", "type", "sdt"]
  }
}
