{
  "description": "Java機能タイプ検出設定ファイル - プロジェクト特性に応じてカスタマイズ可能",
  
  "screen_patterns": {
    "_comment": "画面・UI関連のマッチングルール",
    "class_name": [
      ".*Controller$",
      ".*View$",
      ".*Screen$",
      ".*Form$",
      ".*Dialog$",
      ".*Panel$",
      ".*Frame$",
      ".*Window$",
      ".*Page$",
      ".*Action$",
      ".*Handler$",
      ".*Servlet$",
      ".*Bean$",
      ".*Resource$",
      ".*Endpoint$",
      ".*Api$",
      ".*Rest.*"
    ],
    "package_name": [
      ".*\\.controller\\.?.*",
      ".*\\.controllers\\.?.*",
      ".*\\.view\\.?.*",
      ".*\\.views\\.?.*",
      ".*\\.screen\\.?.*",
      ".*\\.screens\\.?.*",
      ".*\\.ui\\.?.*",
      ".*\\.web\\.?.*",
      ".*\\.rest\\.?.*",
      ".*\\.api\\.?.*",
      ".*\\.action\\.?.*",
      ".*\\.servlet\\.?.*",
      ".*\\.resource\\.?.*",
      ".*\\.endpoint\\.?.*"
    ],
    "annotations": [
      "Controller",
      "RestController",
      "RequestMapping",
      "GetMapping",
      "PostMapping",
      "PutMapping",
      "DeleteMapping",
      "ManagedBean",
      "ViewScoped",
      "SessionScoped",
      "Path",
      "Produces",
      "Consumes"
    ]
  },
  
  "batch_patterns": {
    "_comment": "バッチ処理関連のマッチングルール",
    "class_name": [
      ".*Batch$",
      ".*Job$",
      ".*Task$",
      ".*Scheduler$",
      ".*Scheduled.*",
      ".*Processor$",
      ".*Worker$",
      ".*Runner$",
      ".*Executor$",
      ".*Cron.*",
      ".*Timer.*",
      ".*Daemon$",
      ".*Consumer$",
      ".*Producer$",
      ".*Listener$",
      ".*Step$",
      ".*Tasklet$",
      ".*Reader$",
      ".*Writer$",
      ".*ItemProcessor$"
    ],
    "package_name": [
      ".*\\.batch\\.?.*",
      ".*\\.job\\.?.*",
      ".*\\.jobs\\.?.*",
      ".*\\.task\\.?.*",
      ".*\\.tasks\\.?.*",
      ".*\\.scheduler\\.?.*",
      ".*\\.scheduled\\.?.*",
      ".*\\.worker\\.?.*",
      ".*\\.processor\\.?.*",
      ".*\\.cron\\.?.*",
      ".*\\.daemon\\.?.*",
      ".*\\.consumer\\.?.*",
      ".*\\.listener\\.?.*"
    ],
    "annotations": [
      "Scheduled",
      "EnableScheduling",
      "EnableBatchProcessing",
      "Job",
      "Step",
      "JobScope",
      "StepScope",
      "KafkaListener",
      "RabbitListener",
      "JmsListener",
      "Async"
    ]
  },
  
  "domain_keywords": {
    "_comment": "業務ドメインキーワードマッピング（機能グループ自動命名用）",
    "user": "ユーザー管理",
    "users": "ユーザー管理",
    "account": "アカウント管理",
    "auth": "認証認可",
    "login": "ログイン管理",
    "order": "注文管理",
    "orders": "注文管理",
    "product": "商品管理",
    "products": "商品管理",
    "item": "アイテム管理",
    "inventory": "在庫管理",
    "stock": "在庫管理",
    "payment": "決済管理",
    "customer": "顧客管理",
    "report": "レポート管理",
    "config": "設定管理",
    "setting": "設定管理",
    "admin": "管理者機能",
    "system": "システム管理",
    "log": "ログ管理",
    "notification": "通知管理",
    "message": "メッセージ管理",
    "mail": "メール管理",
    "file": "ファイル管理",
    "export": "エクスポート管理",
    "import": "インポート管理",
    "batch": "バッチ処理",
    "job": "ジョブ管理",
    "task": "タスク管理",
    "schedule": "スケジュール管理",
    "api": "APIインターフェース",
    "common": "共通機能",
    "util": "ユーティリティ"
  },
  
  "priority": {
    "_comment": "screenとbatchが同時にマッチした場合の優先度ルール",
    "prefer_batch_on_annotation_match": true,
    "prefer_batch_on_equal_matches": true
  }
}
