{
  "$schema": "https://json-schema.org/draft/2020-12/schema",
  "title": "Dify Tool Plan",
  "description": "GeneXus設計書生成Agent用の実行計画スキーマ",
  "type": "object",
  "required": [
    "version",
    "goal",
    "steps",
    "final"
  ],
  "additionalProperties": false,
  "properties": {
    "version": {
      "type": "string",
      "description": "計画スキーマのバージョン",
      "pattern": "^[0-9]+\\.[0-9]+$"
    },
    "goal": {
      "type": "string",
      "description": "計画の最終目標",
      "minLength": 10,
      "maxLength": 500
    },
    "assumptions": {
      "type": "array",
      "description": "計画の前提条件",
      "items": {
        "type": "string"
      },
      "maxItems": 10
    },
    "steps": {
      "type": "array",
      "description": "実行ステップの配列",
      "minItems": 1,
      "maxItems": 15,
      "items": {
        "type": "object",
        "required": [
          "id",
          "tool",
          "args"
        ],
        "additionalProperties": false,
        "properties": {
          "id": {
            "type": "string",
            "description": "ステップID（S1, S2, ...形式推奨）",
            "pattern": "^[A-Za-z0-9_-]+$"
          },
          "tool": {
            "type": "string",
            "description": "呼び出すツール名",
            "enum": [
              "task_parser",
              "tool_analyze_requirement",
              "kb_search_design",
              "kb_search_system",
              "kb_search_olddoc",
              "kb_search_code",
              "quality_gate",
              "compose_answer",
              "convert_format_gamen",
              "convert_format_batch_csv",
              "convert_format_batch_normal",
              "self_review"
            ]
          },
          "args": {
            "type": "object",
            "description": "ツールに渡す引数"
          },
          "save_as": {
            "type": "string",
            "description": "結果を保存する変数名",
            "pattern": "^[a-z_][a-z0-9_]*$"
          },
          "depends_on": {
            "type": "array",
            "description": "依存するステップID",
            "items": {
              "type": "string"
            },
            "maxItems": 10
          },
          "on_error": {
            "type": "string",
            "description": "エラー時の動作",
            "enum": [
              "abort",
              "continue",
              "retry"
            ],
            "default": "abort"
          },
          "retry": {
            "type": "integer",
            "description": "リトライ回数",
            "minimum": 0,
            "maximum": 3,
            "default": 1
          }
        }
      }
    },
    "final": {
      "type": "object",
      "description": "最終出力ステップ",
      "required": [
        "tool",
        "args"
      ],
      "additionalProperties": false,
      "properties": {
        "tool": {
          "type": "string",
          "description": "最終出力ツール",
          "enum": [
            "convert_format_gamen",
            "convert_format_batch_csv",
            "convert_format_batch_normal"
          ]
        },
        "args": {
          "type": "object",
          "description": "ツールに渡す引数"
        }
      }
    }
  }
}
